Columna,Cantidad NaN,Porcentaje NaN
ph,491,14.987789987789988
Hardness,0,0.0
Solids,0,0.0
Chloramines,0,0.0
Sulfate,781,23.84004884004884
Conductivity,0,0.0
Organic_carbon,0,0.0
Trihalomethanes,162,4.945054945054945
Turbidity,0,0.0
